sentence,completion
"Today is a bright and sunny day, perfect for a picnic. It feels very [MASK].",sunny
"The weather feels unusually [MASK] for this time of year, with clouds covering the sky.",cloudy
"This food tastes absolutely [MASK]—the flavors blend beautifully.",delicious
"He always looks [MASK] whenever he receives good news or sees his friends.",happy
"The new movie is truly [MASK]—the plot twists kept me on the edge of my seat.",amazing
"I feel so [MASK] after accomplishing my goals for the day; it’s such a great feeling.",excited
"The garden is [MASK] with colorful flowers blooming everywhere.",beautiful
"Our vacation was [MASK], filled with relaxation and adventure in equal measure.",relaxing
"She sounds really [MASK] on the phone; her laughter is contagious.",cheerful
"His ideas seem [MASK] and innovative, making him a valuable team member.",interesting
"The presentation was [MASK] and received great feedback from the audience.",successful
"My day was [MASK], starting with a productive morning and ending with a lovely dinner.",great
"The meeting felt [MASK], dragging on longer than expected without a clear resolution.",long
"Our project looks [MASK], and I believe we are on the right track to success.",promising
"This coffee tastes [MASK], and I prefer something sweeter to start my day.",bitter
"The game was [MASK], with both teams showing incredible skill and determination.",intense
"Her dress is [MASK], suitable for the formal occasion we are attending.",elegant
"His attitude seems [MASK], affecting the morale of those around him.",negative
"The park is [MASK], offering a peaceful escape from the bustling city life.",peaceful
"Our team looks [MASK], ready to tackle any challenges that come our way.",strong
"Her mood is [MASK] today, likely due to the lovely weather outside.",calm
"The road looks [MASK] with cars rushing by, making travel quite slow.",busy
"The beach is [MASK], filled with families enjoying the sun and surf.",crowded
"His response was [MASK], addressing all the concerns raised during the discussion.",immediate
"Her voice sounds [MASK], soothing and pleasant to listen to.",soft
"Their approach seems [MASK], carefully thought out and strategic in nature.",strategic
"The soup tastes [MASK], perfect for warming up on a chilly evening.",spicy
"The sunset looks [MASK] as the sky transforms into a canvas of colors.",vibrant
"Our results are [MASK], indicating that our hard work has paid off.",positive
"The restaurant is [MASK], known for its exquisite cuisine and atmosphere.",fancy
"The sky looks [MASK] today, a brilliant blue with not a cloud in sight.",blue
"Their house is [MASK], spacious enough to accommodate a large family comfortably.",large
"Her reaction was [MASK], surprising everyone with her unexpected response.",unexpected
"The task seems [MASK], but I believe with teamwork we can accomplish it easily.",easy
"My workout was [MASK], energizing me for the rest of the day.",refreshing
"This music sounds [MASK], uplifting and perfect for dancing.",good
"The book is [MASK], filled with intricate plots and complex characters.",complex
"The exam feels [MASK], with many tricky questions that challenge my knowledge.",tough
"The traffic is [MASK] during rush hour, making my commute longer than usual.",congested
"The lecture was [MASK], and I found it hard to stay focused throughout.",long
"The baby is [MASK], making everyone smile with their adorable expressions.",adorable
"My trip was [MASK], filled with memorable experiences and new friendships.",fun
"The conversation felt [MASK], diving deep into meaningful topics and insights.",deep
"His story sounds [MASK], capturing the audience's attention with its originality.",unique
"The competition was [MASK], pushing everyone to give their best performance.",challenging
"Their offer seems [MASK], presenting an enticing opportunity we can't ignore.",tempting
"The festival looks [MASK], bringing together the community in celebration.",fun
"The product feels [MASK], easy to use and understand right out of the box.",intuitive
"The painting is [MASK], showcasing the artist's unique style and vision.",artistic
"My job feels [MASK], providing me with satisfaction and a sense of achievement.",rewarding
"The meal was [MASK], leaving everyone at the table wanting more.",tasty
"The city looks [MASK], bustling with activity and life at every corner.",busy
"The trail is [MASK], making hiking a bit more challenging but rewarding.",rocky
"My family is [MASK], always supporting me in my endeavors.",supportive
"The dish tastes [MASK], surprising me with its unexpected sourness.",sour
"His explanation was [MASK], making complex ideas simple to understand.",clear
"The river is [MASK], offering a serene escape into nature's beauty.",serene
"Our plan seems [MASK], realistic and achievable within the given timeframe.",achievable
"Her performance was [MASK], showcasing her talent and dedication to the craft.",bright
"The flowers smell [MASK], creating a delightful atmosphere in the garden.",strong
"The view is [MASK], breathtaking as the landscape unfolds before my eyes.",beautiful
"The machine sounds [MASK], giving me confidence in its reliability.",reliable
"Our schedule feels [MASK], with back-to-back meetings leaving little time to breathe.",hectic
"The puppy looks [MASK], exploring its surroundings with curiosity.",curious
"Their discussion seemed [MASK], engaging everyone present and sparking new ideas.",engaging
"The recipe is [MASK], making it easy for even novice cooks to follow.",easy
"The shop looks [MASK], organized and welcoming for all its customers.",clean
"Our community feels [MASK], with neighbors always ready to lend a helping hand.",warm
"The drink tastes [MASK], providing a unique twist that delights the palate.",unique
"My weekend was [MASK], packed with fun activities and relaxation.",amazing
"His laugh sounds [MASK], brightening the mood of everyone around him.",special
"The atmosphere feels [MASK], inviting and comfortable for everyone.",warm
"The mountain looks [MASK], towering majestically over the landscape.",tall
"Their speech sounded [MASK], filled with passion and conviction.",passionate
"The weather seems [MASK], making it a lovely day to be outdoors.",pleasant
"The couch is [MASK], perfect for lounging and watching movies.",comfortable
"Her handwriting looks [MASK], making it difficult to read at times.",messy
"The water is [MASK], crystal clear, inviting everyone to take a dip.",clean
"The outfit looks [MASK], stylish and appropriate for the occasion.",stylish
"Our journey was [MASK], filled with unexpected turns and delightful surprises.",enjoyable
"The landscape feels [MASK], leaving me in awe of nature's beauty.",breathtaking
"The software seems [MASK], with a steep learning curve but great functionality.",complicated
"The classroom was [MASK], allowing students to focus on their studies effectively.",organized
"My neighbor seems [MASK], always cracking jokes and making everyone laugh.",funny
"The proposal is [MASK], clearly outlining the objectives and strategies.",well-written
"Their behavior was [MASK], showcasing a commitment to teamwork and collaboration.",fulfilling
"The design looks [MASK], incorporating modern elements with a touch of elegance.",positive
"My breakfast tasted [MASK], setting a pleasant tone for the day ahead.",good
"The documentary was [MASK], shedding light on important social issues.",nice
"The forest feels [MASK], offering a sense of adventure and tranquility at the same time.",unique
"The concert was [MASK], leaving many in the audience feeling underwhelmed.",bland
"Her reply sounded [MASK], drawing everyone in with its thoughtfulness.",engaging
"The hike was [MASK], taking us through mysterious trails with stunning views.",mysterious
"The phone sounds [MASK], featuring the latest technology and sleek design.",exciting
"The library is [MASK], providing a quiet space for study and exploration.",lovely
"The fragrance is [MASK], filling the room with a delightful aroma.",inviting
"The view looks [MASK], creating a lasting impression on everyone who sees it.",memorable
"The sky appeared [MASK], free of clouds and radiating bright sunlight.",clear
"The area seems [MASK], attracting visitors with its charm and beauty.",beautiful
"The test was [MASK], pushing students to demonstrate their understanding.",vibrant
"The tutorial sounds [MASK], guiding learners through complex topics step by step.",calm
"The movie ended [MASK], leaving the audience in a state of reflection.",tiring
"The meeting concluded [MASK], with everyone feeling exhausted yet accomplished.",tiring
"The training was [MASK], offering valuable insights and skills for personal growth.",insightful
"My morning felt [MASK], as I completed several tasks before breakfast.",productive
"The report looks [MASK], presenting a clear analysis of the findings.",serious
"The seminar was [MASK], challenging attendees to think critically about the topics.",advanced
"The drama seemed [MASK], engaging the audience and keeping them on the edge of their seats.",memorable
"Her expression is [MASK], lacking enthusiasm during the presentation.",dull
"The gadget feels [MASK], seamlessly integrating into daily life and improving efficiency.",natural
"Our event was [MASK], maintaining a consistent theme throughout the activities.",consistent
"His speech is [MASK], dragging on without making a significant point.",long
"The field looked [MASK], showcasing the hard work and dedication of the team.",professional
"Their event was [MASK], bringing people together to celebrate and enjoy.",community
